10001,5001,2001,2023-01-01,2024-12-31,Excellent
10002,5002,2002,2023-01-01,2023-12-31,Excellent
10003,5003,2003,2023-01-01,2024-12-31,Excellent
10004,5004,2004,2023-01-01,2023-12-31,Excellent
10005,5005,2005,2023-01-01,2024-12-31,Excellent
10006,5006,2006,2023-01-01,2023-12-31,Excellent
10007,5007,2007,2023-01-01,2024-12-31,Good
10008,5008,2008,2023-01-01,2023-12-31,Excellent
10009,5009,2009,2023-01-01,2024-12-31,Excellent
10010,5010,2010,2023-01-01,2023-12-31,Good
10011,5011,2011,2023-01-01,2024-12-31,Excellent
10012,5012,2012,2023-01-01,2023-12-31,Excellent
10013,5013,2013,2023-01-01,2024-12-31,Good
10014,5014,2014,2023-01-01,2023-12-31,Excellent
10015,5015,2015,2023-01-01,2024-12-31,Excellent
10016,5016,2016,2023-01-01,2023-12-31,Excellent
10017,5017,2017,2023-01-01,2024-12-31,Excellent
10018,5018,2018,2023-01-01,2023-12-31,Excellent
10019,5019,2019,2023-01-01,2024-12-31,Good
10020,5020,2020,2023-01-01,2023-12-31,Excellent
10021,5021,2021,2023-01-01,2024-12-31,Excellent
10022,5022,2022,2023-01-01,2023-12-31,Good
10023,5023,2023,2023-01-01,2024-12-31,Excellent
10024,5024,2024,2023-01-01,2023-12-31,Good
10025,5025,2025,2023-01-01,2024-12-31,Excellent
10026,5026,2026,2023-01-01,2023-12-31,Good
10027,5027,2027,2023-01-01,2024-12-31,Excellent
10028,5028,2028,2023-01-01,2023-12-31,Good
10029,5029,2029,2023-01-01,2024-12-31,Excellent
10030,5030,2030,2023-01-01,2023-12-31,Excellent
10031,5031,2031,2023-01-01,2024-12-31,Good
10032,5032,2032,2023-01-01,2023-12-31,Excellent
10033,5033,2033,2023-01-01,2024-12-31,Excellent
10034,5034,2034,2023-01-01,2023-12-31,Excellent
10035,5035,2035,2023-01-01,2024-12-31,Excellent
10036,5036,2036,2023-01-01,2023-12-31,Good
10037,5037,2037,2023-01-01,2024-12-31,Good
10038,5038,2038,2023-01-01,2023-12-31,Excellent
10039,5039,2039,2023-01-01,2024-12-31,Excellent
10040,5040,2040,2023-01-01,2023-12-31,Good
10041,5041,2041,2023-01-01,2024-12-31,Excellent
10042,5042,2042,2023-01-01,2023-12-31,Excellent
10043,5043,2043,2023-01-01,2023-12-31,Excellent
10044,5044,2044,2023-01-01,2024-12-31,Good
10045,5045,2045,2023-01-01,2024-12-31,Good
10046,5046,2046,2023-01-01,2023-12-31,Good
10047,5047,2047,2023-01-01,2023-12-31,Excellent
10048,5048,2048,2023-01-01,2023-12-31,Excellent
10049,5049,2049,2023-01-01,2024-12-31,Excellent
10050,5050,2050,2023-01-01,2024-12-31,Excellent
10051,5057,2021,2022-11-01,2022-11-08,Excellent
10052,5058,2022,2022-11-07,2022-11-14,Excellent
10053,5059,2023,2022-11-14,2022-11-21,Good
10054,5060,2024,2022-11-21,2022-11-28,Excellent
10055,5057,2025,2022-11-28,2023-12-05,Excellent
10056,5060,2040,2022-12-01,2022-12-07,Excellent
10057,5058,2022,2022-12-08,2022-12-15,Excellent
10058,5059,2023,2022-12-15,2022-12-22,Good
10059,5060,2024,2022-12-22,2022-12-29,Excellent
10060,5057,2025,2022-12-29,2023-01-06,Excellent
10061,5057,2021,2023-01-01,2023-01-08,Excellent
10062,5058,2022,2023-01-08,2023-01-15,Excellent
10063,5059,2023,2023-01-15,2023-01-22,Good
10064,5060,2024,2023-01-22,2023-01-29,Excellent
10065,5057,2025,2023-01-29,2023-02-06,Excellent
10066,5057,2021,2023-02-01,2023-01-08,Excellent
10067,5058,2022,2023-02-08,2023-01-15,Excellent
10068,5059,2023,2023-02-15,2023-01-22,Good
10069,5060,2024,2023-02-22,2023-01-29,Excellent
10070,5057,2021,2023-03-01,2023-03-08,Excellent
10071,5058,2022,2023-03-08,2023-03-15,Excellent
10072,5059,2023,2023-03-15,2023-03-22,Good
10073,5060,2024,2023-03-22,2023-03-29,Excellent
10074,5057,2025,2023-03-29,2023-04-06,Excellent
10075,5057,2021,2023-04-01,2023-04-08,Excellent
10076,5058,2022,2022-04-08,2023-04-15,Excellent
10077,5059,2023,2023-04-15,2023-04-22,Good
10078,5060,2024,2023-04-22,2023-04-29,Excellent
10079,5057,2025,2023-04-29,2023-05-06,Excellent
10080,5057,2021,2023-05-01,2023-05-08,Excellent
10081,5058,2022,2023-05-08,2023-05-15,Excellent
10082,5059,2023,2023-05-15,2023-05-22,Good
10083,5060,2024,2023-05-22,2023-05-29,Excellent
10084,5057,2025,2023-05-29,2023-06-06,Excellent
10085,5057,2021,2023-06-01,2023-06-08,Excellent
10086,5058,2022,2022-06-08,2023-06-15,Excellent
10087,5059,2023,2023-06-15,2023-06-22,Good
10088,5060,2024,2023-06-22,2023-06-29,Excellent
10089,5057,2025,2023-06-29,2023-07-06,Excellent
10090,5057,2021,2023-07-01,2023-07-08,Excellent
10091,5058,2022,2023-07-08,2023-07-15,Excellent
10092,5059,2023,2023-07-15,2023-07-22,Good
10093,5060,2024,2023-07-22,2023-07-29,Excellent
10094,5057,2025,2023-07-29,2023-08-06,Excellent
10095,5057,2021,2023-08-01,2023-08-08,Excellent
10096,5058,2022,2023-08-08,2023-08-15,Excellent
10097,5059,2023,2023-08-15,2023-08-22,Good
10098,5060,2024,2023-08-22,2023-08-29,Excellent
10099,5057,2025,2023-08-29,2023-09-06,Excellent
10100,5057,2021,2023-09-01,2023-09-08,Excellent
10101,5058,2022,2023-09-08,2023-09-15,Excellent
10102,5059,2023,2023-09-15,2023-09-22,Good
10103,5060,2024,2023-09-22,2023-09-29,Excellent
10104,5057,2025,2023-09-29,2023-10-06,Excellent
10105,5057,2021,2023-10-01,2023-10-08,Excellent
10106,5058,2022,2023-10-08,2023-10-15,Excellent
10107,5059,2023,2023-10-15,2023-10-22,Good
10108,5060,2024,2023-10-22,2023-10-29,Excellent
10109,5057,2025,2023-10-29,2023-11-06,Excellent
10110,5057,2021,2023-11-01,2023-11-08,Excellent
10111,5058,2022,2023-11-08,2023-11-15,Excellent
10112,5059,2023,2023-11-15,2023-11-22,Good
10113,5060,2024,2023-11-22,2023-11-29,Excellent
10114,5057,2025,2023-11-29,2023-12-06,Excellent
10115,5061,2001,2022-11-01,NULL,NULL
10116,5061,2002,2022-11-02,NULL,NULL
10117,5061,2003,2022-11-03,NULL,NULL
10118,5061,2004,2022-11-04,NULL,NULL
10119,5061,2005,2022-11-05,NULL,NULL
10120,5061,2006,2022-11-06,NULL,NULL
10121,5061,2007,2022-11-07,NULL,NULL
10122,5061,2008,2022-11-08,NULL,NULL
10123,5061,2009,2022-11-09,NULL,NULL
10124,5061,2010,2022-11-10,NULL,NULL
10125,5061,2011,2022-11-11,NULL,NULL
10126,5061,2012,2022-11-12,NULL,NULL
10127,5061,2013,2022-11-13,NULL,NULL
10128,5061,2014,2022-11-14,NULL,NULL
10129,5061,2015,2022-11-15,NULL,NULL
10130,5061,2016,2022-11-16,NULL,NULL
10131,5061,2017,2022-11-17,NULL,NULL
10132,5061,2018,2022-11-18,NULL,NULL
10133,5062,2019,2022-11-19,NULL,NULL
10134,5062,2020,2022-11-20,NULL,NULL
10135,5062,2021,2022-11-21,NULL,NULL
10136,5062,2022,2022-11-22,NULL,NULL
10137,5062,2023,2022-11-23,NULL,NULL
10138,5062,2024,2022-11-24,NULL,NULL
10139,5062,2025,2022-11-25,NULL,NULL
10140,5062,2026,2022-11-26,NULL,NULL
10141,5062,2027,2022-11-27,NULL,NULL
10142,5062,2028,2022-11-28,NULL,NULL
10143,5062,2029,2022-11-29,NULL,NULL
10144,5062,2030,2022-11-30,NULL,NULL
10145,5062,2001,2022-11-01,NULL,NULL
10146,5062,2002,2022-11-02,NULL,NULL
10147,5062,2003,2022-11-03,NULL,NULL
10148,5062,2004,2022-11-04,NULL,NULL
10149,5062,2005,2022-11-05,NULL,NULL
10150,5062,2006,2022-11-06,NULL,NULL
10151,5062,2007,2022-11-07,NULL,NULL
10152,5063,2008,2022-11-08,NULL,NULL
10153,5063,2009,2022-11-09,NULL,NULL
10154,5063,2010,2022-11-10,NULL,NULL
10155,5063,2011,2022-11-11,NULL,NULL
10156,5063,2012,2022-11-12,NULL,NULL
10157,5063,2013,2022-11-13,NULL,NULL
10158,5063,2014,2022-11-14,NULL,NULL
10159,5063,2015,2022-11-15,NULL,NULL
10160,5063,2016,2022-11-16,NULL,NULL
10161,5063,2017,2022-11-17,NULL,NULL
10162,5063,2018,2022-11-18,NULL,NULL
10163,5063,2019,2022-11-19,NULL,NULL
10164,5063,2020,2022-11-20,NULL,NULL
10165,5063,2021,2022-11-21,NULL,NULL
10166,5063,2022,2022-11-22,NULL,NULL
10167,5063,2023,2022-11-23,NULL,NULL
10168,5063,2024,2022-11-24,NULL,NULL
10169,5063,2025,2022-11-25,NULL,NULL
10170,5063,2026,2022-11-26,NULL,NULL
10171,5064,2027,2022-11-27,NULL,NULL
10172,5064,2028,2022-11-28,NULL,NULL
10173,5064,2029,2022-11-29,NULL,NULL
10174,5064,2030,2022-11-30,NULL,NULL
10175,5064,2001,2022-11-01,NULL,NULL
10176,5064,2002,2022-11-02,NULL,NULL
10177,5064,2003,2022-11-03,NULL,NULL
10178,5064,2004,2022-11-04,NULL,NULL
10179,5064,2005,2022-11-05,NULL,NULL
10180,5064,2006,2022-11-06,NULL,NULL
10181,5064,2007,2022-11-07,NULL,NULL
10182,5064,2008,2022-11-08,NULL,NULL
10183,5064,2009,2022-11-09,NULL,NULL
10184,5064,2010,2022-11-10,NULL,NULL
10185,5064,2011,2022-11-11,NULL,NULL
10186,5064,2012,2022-11-12,NULL,NULL
10187,5064,2013,2022-11-13,NULL,NULL
10188,5064,2014,2022-11-14,NULL,NULL
10189,5064,2015,2022-11-15,NULL,NULL
10190,5065,2016,2022-11-16,NULL,NULL
10191,5065,2017,2022-11-17,NULL,NULL
10192,5065,2018,2022-11-18,NULL,NULL
10193,5065,2019,2022-11-19,NULL,NULL
10194,5065,2020,2022-11-20,NULL,NULL
10195,5065,2021,2022-11-21,NULL,NULL
10196,5065,2022,2022-11-22,NULL,NULL
10197,5065,2023,2022-11-23,NULL,NULL
10198,5065,2024,2022-11-24,NULL,NULL
10199,5065,2025,2022-11-25,NULL,NULL
10200,5065,2026,2022-11-26,NULL,NULL
10201,5065,2027,2022-11-27,NULL,NULL
10202,5065,2028,2022-11-28,NULL,NULL
10203,5065,2029,2022-11-29,NULL,NULL
10204,5065,2030,2022-11-30,NULL,NULL
10205,5061,2001,2022-12-01,NULL,NULL
10206,5061,2002,2022-12-02,NULL,NULL
10207,5061,2003,2022-12-03,NULL,NULL
10208,5061,2004,2022-12-04,NULL,NULL
10209,5061,2005,2022-12-05,NULL,NULL
10210,5061,2006,2022-12-06,NULL,NULL
10211,5061,2007,2022-12-07,NULL,NULL
10212,5061,2008,2022-12-08,NULL,NULL
10213,5061,2009,2022-12-09,NULL,NULL
10214,5061,2010,2022-12-10,NULL,NULL
10215,5061,2011,2022-12-11,NULL,NULL
10216,5061,2012,2022-12-12,NULL,NULL
10217,5061,2013,2022-12-13,NULL,NULL
10218,5061,2014,2022-12-14,NULL,NULL
10219,5061,2015,2022-12-15,NULL,NULL
10220,5061,2016,2022-12-16,NULL,NULL
10221,5061,2017,2022-12-17,NULL,NULL
10222,5061,2018,2022-12-18,NULL,NULL
10223,5062,2019,2022-12-19,NULL,NULL
10224,5062,2020,2022-12-20,NULL,NULL
10225,5062,2021,2022-12-21,NULL,NULL
10226,5062,2022,2022-12-22,NULL,NULL
10227,5062,2023,2022-12-23,NULL,NULL
10228,5062,2024,2022-12-24,NULL,NULL
10229,5062,2025,2022-12-25,NULL,NULL
10230,5062,2026,2022-12-26,NULL,NULL
10231,5062,2027,2022-12-27,NULL,NULL
10232,5062,2028,2022-12-28,NULL,NULL
10233,5062,2029,2022-12-29,NULL,NULL
10234,5062,2030,2022-12-30,NULL,NULL
10235,5062,2001,2022-12-01,NULL,NULL
10236,5062,2002,2022-12-02,NULL,NULL
10237,5062,2003,2022-12-03,NULL,NULL
10238,5062,2004,2022-12-04,NULL,NULL
10239,5062,2005,2022-12-05,NULL,NULL
10240,5062,2006,2022-12-06,NULL,NULL
10241,5062,2007,2022-12-07,NULL,NULL
10242,5063,2008,2022-12-08,NULL,NULL
10243,5063,2009,2022-12-09,NULL,NULL
10244,5063,2010,2022-12-10,NULL,NULL
10245,5063,2011,2022-12-11,NULL,NULL
10246,5063,2012,2022-12-12,NULL,NULL
10247,5063,2013,2022-12-13,NULL,NULL
10248,5063,2014,2022-12-14,NULL,NULL
10249,5063,2015,2022-12-15,NULL,NULL
10250,5063,2016,2022-12-16,NULL,NULL
10251,5063,2017,2022-12-17,NULL,NULL
10252,5063,2018,2022-12-18,NULL,NULL
10253,5063,2019,2022-12-19,NULL,NULL
10254,5063,2020,2022-12-20,NULL,NULL
10255,5063,2021,2022-12-21,NULL,NULL
10256,5063,2022,2022-12-22,NULL,NULL
10257,5063,2023,2022-12-23,NULL,NULL
10258,5063,2024,2022-12-24,NULL,NULL
10259,5063,2025,2022-12-25,NULL,NULL
10260,5063,2026,2022-12-26,NULL,NULL
10261,5064,2027,2022-12-27,NULL,NULL
10262,5064,2028,2022-12-28,NULL,NULL
10263,5064,2029,2022-12-29,NULL,NULL
10264,5064,2030,2022-12-30,NULL,NULL
10265,5064,2001,2022-12-01,NULL,NULL
10266,5064,2002,2022-12-02,NULL,NULL
10267,5064,2003,2022-12-03,NULL,NULL
10268,5064,2004,2022-12-04,NULL,NULL
10269,5064,2005,2022-12-05,NULL,NULL
10270,5064,2006,2022-12-06,NULL,NULL
10271,5064,2007,2022-12-07,NULL,NULL
10272,5064,2008,2022-12-08,NULL,NULL
10273,5064,2009,2022-12-09,NULL,NULL
10274,5064,2010,2022-12-10,NULL,NULL
10275,5064,2011,2022-12-11,NULL,NULL
10276,5064,2012,2022-12-12,NULL,NULL
10277,5064,2013,2022-12-13,NULL,NULL
10278,5064,2014,2022-12-14,NULL,NULL
10279,5064,2015,2022-12-15,NULL,NULL
10280,5065,2016,2022-12-16,NULL,NULL
10281,5065,2017,2022-12-17,NULL,NULL
10282,5065,2018,2022-12-18,NULL,NULL
10283,5065,2019,2022-12-19,NULL,NULL
10284,5065,2020,2022-12-20,NULL,NULL
10285,5065,2021,2022-12-21,NULL,NULL
10286,5065,2022,2022-12-22,NULL,NULL
10287,5065,2023,2022-12-23,NULL,NULL
10288,5065,2024,2022-12-24,NULL,NULL
10289,5065,2025,2022-12-25,NULL,NULL
10290,5065,2026,2022-12-26,NULL,NULL
10291,5065,2027,2022-12-27,NULL,NULL
10292,5065,2028,2022-12-28,NULL,NULL
10293,5065,2029,2022-12-29,NULL,NULL
10294,5065,2030,2022-12-30,NULL,NULL
10295,5061,2001,2023-01-01,NULL,NULL
10296,5061,2002,2023-01-02,NULL,NULL
10297,5061,2003,2023-01-03,NULL,NULL
10298,5061,2004,2023-01-04,NULL,NULL
10299,5061,2005,2023-01-05,NULL,NULL
10300,5061,2006,2023-01-06,NULL,NULL
10301,5061,2007,2023-01-07,NULL,NULL
10302,5061,2008,2023-01-08,NULL,NULL
10303,5061,2009,2023-01-09,NULL,NULL
10304,5061,2010,2023-01-10,NULL,NULL
10305,5061,2011,2023-01-11,NULL,NULL
10306,5061,2012,2023-01-12,NULL,NULL
10307,5061,2013,2023-01-13,NULL,NULL
10308,5061,2014,2023-01-14,NULL,NULL
10309,5061,2015,2023-01-15,NULL,NULL
10310,5061,2016,2023-01-16,NULL,NULL
10311,5061,2017,2023-01-17,NULL,NULL
10312,5061,2018,2023-01-18,NULL,NULL
10313,5062,2019,2023-01-19,NULL,NULL
10314,5062,2020,2023-01-20,NULL,NULL
10315,5062,2021,2023-01-21,NULL,NULL
10316,5062,2022,2023-01-22,NULL,NULL
10317,5062,2023,2023-01-23,NULL,NULL
10318,5062,2024,2023-01-24,NULL,NULL
10319,5062,2025,2023-01-25,NULL,NULL
10320,5062,2026,2023-01-26,NULL,NULL
10321,5062,2027,2023-01-27,NULL,NULL
10322,5062,2028,2023-01-28,NULL,NULL
10323,5062,2029,2023-01-29,NULL,NULL
10324,5062,2030,2023-01-30,NULL,NULL
10325,5062,2001,2023-01-01,NULL,NULL
10326,5062,2002,2023-01-02,NULL,NULL
10327,5062,2003,2023-01-03,NULL,NULL
10328,5062,2004,2023-01-04,NULL,NULL
10329,5062,2005,2023-01-05,NULL,NULL
10330,5062,2006,2023-01-06,NULL,NULL
10331,5062,2007,2023-01-07,NULL,NULL
10332,5063,2008,2023-01-08,NULL,NULL
10333,5063,2009,2023-01-09,NULL,NULL
10334,5063,2010,2023-01-10,NULL,NULL
10335,5063,2011,2023-01-11,NULL,NULL
10336,5063,2012,2023-01-12,NULL,NULL
10337,5063,2013,2023-01-13,NULL,NULL
10338,5063,2014,2023-01-14,NULL,NULL
10339,5063,2015,2023-01-15,NULL,NULL
10340,5063,2016,2023-01-16,NULL,NULL
10341,5063,2017,2023-01-17,NULL,NULL
10342,5063,2018,2023-01-18,NULL,NULL
10343,5063,2019,2023-01-19,NULL,NULL
10344,5063,2020,2023-01-20,NULL,NULL
10345,5063,2021,2023-01-21,NULL,NULL
10346,5063,2022,2023-01-22,NULL,NULL
10347,5063,2023,2023-01-23,NULL,NULL
10348,5063,2024,2023-01-24,NULL,NULL
10349,5063,2025,2023-01-25,NULL,NULL
10350,5063,2026,2023-01-26,NULL,NULL
10351,5064,2027,2023-01-27,NULL,NULL
10352,5064,2028,2023-01-28,NULL,NULL
10353,5064,2029,2023-01-29,NULL,NULL
10354,5064,2030,2023-01-30,NULL,NULL
10355,5064,2001,2023-01-01,NULL,NULL
10356,5064,2002,2023-01-02,NULL,NULL
10357,5064,2003,2023-01-03,NULL,NULL
10358,5064,2004,2023-01-04,NULL,NULL
10359,5064,2005,2023-01-05,NULL,NULL
10360,5064,2006,2023-01-06,NULL,NULL
10361,5064,2007,2023-01-07,NULL,NULL
10362,5064,2008,2023-01-08,NULL,NULL
10363,5064,2009,2023-01-09,NULL,NULL
10364,5064,2010,2023-01-10,NULL,NULL
10365,5064,2011,2023-01-11,NULL,NULL
10366,5064,2012,2023-01-12,NULL,NULL
10367,5064,2013,2023-01-13,NULL,NULL
10368,5064,2014,2023-01-14,NULL,NULL
10369,5064,2015,2023-01-15,NULL,NULL
10370,5065,2016,2023-01-16,NULL,NULL
10371,5065,2017,2023-01-17,NULL,NULL
10372,5065,2018,2023-01-18,NULL,NULL
10373,5065,2019,2023-01-19,NULL,NULL
10374,5065,2020,2023-01-20,NULL,NULL
10375,5065,2021,2023-01-21,NULL,NULL
10376,5065,2022,2023-01-22,NULL,NULL
10377,5065,2023,2023-01-23,NULL,NULL
10378,5065,2024,2023-01-24,NULL,NULL
10379,5065,2025,2023-01-25,NULL,NULL
10380,5065,2026,2023-01-26,NULL,NULL
10381,5065,2027,2023-01-27,NULL,NULL
10382,5065,2028,2023-01-28,NULL,NULL
10383,5065,2029,2023-01-29,NULL,NULL
10384,5065,2030,2023-01-30,NULL,NULL
10385,5061,2001,2023-02-01,NULL,NULL
10386,5061,2002,2023-02-02,NULL,NULL
10387,5061,2003,2023-02-03,NULL,NULL
10388,5061,2004,2023-02-04,NULL,NULL
10389,5061,2005,2023-02-05,NULL,NULL
10390,5061,2006,2023-02-06,NULL,NULL
10391,5061,2007,2023-02-07,NULL,NULL
10392,5061,2008,2023-02-08,NULL,NULL
10393,5061,2009,2023-02-09,NULL,NULL
10394,5061,2010,2023-02-10,NULL,NULL
10395,5061,2011,2023-02-11,NULL,NULL
10396,5061,2012,2023-02-12,NULL,NULL
10397,5061,2013,2023-02-13,NULL,NULL
10398,5061,2014,2023-02-14,NULL,NULL
10399,5061,2015,2023-02-15,NULL,NULL
10400,5061,2016,2023-02-16,NULL,NULL
10401,5061,2017,2023-02-17,NULL,NULL
10402,5061,2018,2023-02-18,NULL,NULL
10403,5062,2019,2023-02-19,NULL,NULL
10404,5062,2020,2023-02-20,NULL,NULL
10405,5062,2021,2023-02-21,NULL,NULL
10406,5062,2022,2023-02-22,NULL,NULL
10407,5062,2023,2023-02-23,NULL,NULL
10408,5062,2024,2023-02-24,NULL,NULL
10409,5062,2025,2023-02-25,NULL,NULL
10410,5062,2026,2023-02-26,NULL,NULL
10411,5062,2027,2023-02-27,NULL,NULL
10412,5062,2028,2023-02-28,NULL,NULL
10413,5062,2029,2023-02-01,NULL,NULL
10414,5062,2030,2023-02-02,NULL,NULL
10415,5062,2001,2023-02-03,NULL,NULL
10416,5062,2002,2023-02-04,NULL,NULL
10417,5062,2003,2023-02-05,NULL,NULL
10418,5062,2004,2023-02-06,NULL,NULL
10419,5062,2005,2023-02-07,NULL,NULL
10420,5062,2006,2023-02-08,NULL,NULL
10421,5062,2007,2023-02-09,NULL,NULL
10422,5063,2008,2023-02-10,NULL,NULL
10423,5063,2009,2023-02-11,NULL,NULL
10424,5063,2010,2023-02-12,NULL,NULL
10425,5063,2011,2023-02-13,NULL,NULL
10426,5063,2012,2023-02-14,NULL,NULL
10427,5063,2013,2023-02-15,NULL,NULL
10428,5063,2014,2023-02-16,NULL,NULL
10429,5063,2015,2023-02-17,NULL,NULL
10430,5063,2016,2023-02-18,NULL,NULL
10431,5063,2017,2023-02-19,NULL,NULL
10432,5063,2018,2023-02-20,NULL,NULL
10433,5063,2019,2023-02-21,NULL,NULL
10434,5063,2020,2023-02-22,NULL,NULL
10435,5063,2021,2023-02-23,NULL,NULL
10436,5063,2022,2023-02-24,NULL,NULL
10437,5063,2023,2023-02-25,NULL,NULL
10438,5063,2024,2023-02-26,NULL,NULL
10439,5063,2025,2023-02-27,NULL,NULL
10440,5063,2026,2023-02-28,NULL,NULL
10441,5064,2027,2023-02-01,NULL,NULL
10442,5064,2028,2023-02-02,NULL,NULL
10443,5064,2029,2023-02-03,NULL,NULL
10444,5064,2030,2023-02-04,NULL,NULL
10445,5064,2001,2023-02-05,NULL,NULL
10446,5064,2002,2023-02-06,NULL,NULL
10447,5064,2003,2023-02-07,NULL,NULL
10448,5064,2004,2023-02-08,NULL,NULL
10449,5064,2005,2023-02-09,NULL,NULL
10450,5064,2006,2023-02-10,NULL,NULL
10451,5064,2007,2023-02-11,NULL,NULL
10452,5064,2008,2023-02-12,NULL,NULL
10453,5064,2009,2023-02-13,NULL,NULL
10454,5064,2010,2023-02-14,NULL,NULL
10455,5064,2011,2023-02-15,NULL,NULL
10456,5064,2012,2023-02-16,NULL,NULL
10457,5064,2013,2023-02-17,NULL,NULL
10458,5064,2014,2023-02-18,NULL,NULL
10459,5064,2015,2023-02-19,NULL,NULL
10460,5065,2016,2023-02-20,NULL,NULL
10461,5065,2017,2023-02-21,NULL,NULL
10462,5065,2018,2023-02-22,NULL,NULL
10463,5065,2019,2023-02-23,NULL,NULL
10464,5065,2020,2023-02-24,NULL,NULL
10465,5065,2021,2023-02-25,NULL,NULL
10466,5065,2022,2023-02-26,NULL,NULL
10467,5065,2023,2023-02-27,NULL,NULL
10468,5065,2024,2023-02-28,NULL,NULL
10469,5065,2025,2023-02-01,NULL,NULL
10470,5065,2026,2023-02-02,NULL,NULL
10471,5065,2027,2023-02-03,NULL,NULL
10472,5065,2028,2023-02-04,NULL,NULL
10473,5065,2029,2023-02-05,NULL,NULL
10474,5065,2030,2023-02-06,NULL,NULL
10475,5061,2001,2023-03-01,NULL,NULL
10476,5061,2002,2023-03-02,NULL,NULL
10477,5061,2003,2023-03-03,NULL,NULL
10478,5061,2004,2023-03-04,NULL,NULL
10479,5061,2005,2023-03-05,NULL,NULL
10480,5061,2006,2023-03-06,NULL,NULL
10481,5061,2007,2023-03-07,NULL,NULL
10482,5061,2008,2023-03-08,NULL,NULL
10483,5061,2009,2023-03-09,NULL,NULL
10484,5061,2010,2023-03-10,NULL,NULL
10485,5061,2011,2023-03-11,NULL,NULL
10486,5061,2012,2023-03-12,NULL,NULL
10487,5061,2013,2023-03-13,NULL,NULL
10488,5061,2014,2023-03-14,NULL,NULL
10489,5061,2015,2023-03-15,NULL,NULL
10490,5061,2016,2023-03-16,NULL,NULL
10491,5061,2017,2023-03-17,NULL,NULL
10492,5061,2018,2023-03-18,NULL,NULL
10493,5062,2019,2023-03-19,NULL,NULL
10494,5062,2020,2023-03-20,NULL,NULL
10495,5062,2021,2023-03-21,NULL,NULL
10496,5062,2022,2023-03-22,NULL,NULL
10497,5062,2023,2023-03-23,NULL,NULL
10498,5062,2024,2023-03-24,NULL,NULL
10499,5062,2025,2023-03-25,NULL,NULL
10500,5062,2026,2023-03-26,NULL,NULL
10501,5062,2027,2023-03-27,NULL,NULL
10502,5062,2028,2023-03-28,NULL,NULL
10503,5062,2029,2023-03-29,NULL,NULL
10504,5062,2030,2023-03-30,NULL,NULL
10505,5062,2001,2023-03-01,NULL,NULL
10506,5062,2002,2023-03-02,NULL,NULL
10507,5062,2003,2023-03-03,NULL,NULL
10508,5062,2004,2023-03-04,NULL,NULL
10509,5062,2005,2023-03-05,NULL,NULL
10510,5062,2006,2023-03-06,NULL,NULL
10511,5062,2007,2023-03-07,NULL,NULL
10512,5063,2008,2023-03-08,NULL,NULL
10513,5063,2009,2023-03-09,NULL,NULL
10514,5063,2010,2023-03-10,NULL,NULL
10515,5063,2011,2023-03-11,NULL,NULL
10516,5063,2012,2023-03-12,NULL,NULL
10517,5063,2013,2023-03-13,NULL,NULL
10518,5063,2014,2023-03-14,NULL,NULL
10519,5063,2015,2023-03-15,NULL,NULL
10520,5063,2016,2023-03-16,NULL,NULL
10521,5063,2017,2023-03-17,NULL,NULL
10522,5063,2018,2023-03-18,NULL,NULL
10523,5063,2019,2023-03-19,NULL,NULL
10524,5063,2020,2023-03-20,NULL,NULL
10525,5063,2021,2023-03-21,NULL,NULL
10526,5063,2022,2023-03-22,NULL,NULL
10527,5063,2023,2023-03-23,NULL,NULL
10528,5063,2024,2023-03-24,NULL,NULL
10529,5063,2025,2023-03-25,NULL,NULL
10530,5063,2026,2023-03-26,NULL,NULL
10531,5064,2027,2023-03-27,NULL,NULL
10532,5064,2028,2023-03-28,NULL,NULL
10533,5064,2029,2023-03-29,NULL,NULL
10534,5064,2030,2023-03-30,NULL,NULL
10535,5064,2001,2023-03-01,NULL,NULL
10536,5064,2002,2023-03-02,NULL,NULL
10537,5064,2003,2023-03-03,NULL,NULL
10538,5064,2004,2023-03-04,NULL,NULL
10539,5064,2005,2023-03-05,NULL,NULL
10540,5064,2006,2023-03-06,NULL,NULL
10541,5064,2007,2023-03-07,NULL,NULL
10542,5064,2008,2023-03-08,NULL,NULL
10543,5064,2009,2023-03-09,NULL,NULL
10544,5064,2010,2023-03-10,NULL,NULL
10545,5064,2011,2023-03-11,NULL,NULL
10546,5064,2012,2023-03-12,NULL,NULL
10547,5064,2013,2023-03-13,NULL,NULL
10548,5064,2014,2023-03-14,NULL,NULL
10549,5064,2015,2023-03-15,NULL,NULL
10550,5065,2016,2023-03-16,NULL,NULL
10551,5065,2017,2023-03-17,NULL,NULL
10552,5065,2018,2023-03-18,NULL,NULL
10553,5065,2019,2023-03-19,NULL,NULL
10554,5065,2020,2023-03-20,NULL,NULL
10555,5065,2021,2023-03-21,NULL,NULL
10556,5065,2022,2023-03-22,NULL,NULL
10557,5065,2023,2023-03-23,NULL,NULL
10558,5065,2024,2023-03-24,NULL,NULL
10559,5065,2025,2023-03-25,NULL,NULL
10560,5065,2026,2023-03-26,NULL,NULL
10561,5065,2027,2023-03-27,NULL,NULL
10562,5065,2028,2023-03-28,NULL,NULL
10563,5065,2029,2023-03-29,NULL,NULL
10564,5065,2030,2023-03-30,NULL,NULL
10565,5061,2001,2023-04-01,NULL,NULL
10566,5061,2002,2023-04-02,NULL,NULL
10567,5061,2003,2023-04-03,NULL,NULL
10568,5061,2004,2023-04-04,NULL,NULL
10569,5061,2005,2023-04-05,NULL,NULL
10570,5061,2006,2023-04-06,NULL,NULL
10571,5061,2007,2023-04-07,NULL,NULL
10572,5061,2008,2023-04-08,NULL,NULL
10573,5061,2009,2023-04-09,NULL,NULL
10574,5061,2010,2023-04-10,NULL,NULL
10575,5061,2011,2023-04-11,NULL,NULL
10576,5061,2012,2023-04-12,NULL,NULL
10577,5061,2013,2023-04-13,NULL,NULL
10578,5061,2014,2023-04-14,NULL,NULL
10579,5061,2015,2023-04-15,NULL,NULL
10580,5061,2016,2023-04-16,NULL,NULL
10581,5061,2017,2023-04-17,NULL,NULL
10582,5061,2018,2023-04-18,NULL,NULL
10583,5062,2019,2023-04-19,NULL,NULL
10584,5062,2020,2023-04-20,NULL,NULL
10585,5062,2021,2023-04-21,NULL,NULL
10586,5062,2022,2023-04-22,NULL,NULL
10587,5062,2023,2023-04-23,NULL,NULL
10588,5062,2024,2023-04-24,NULL,NULL
10589,5062,2025,2023-04-25,NULL,NULL
10590,5062,2026,2023-04-26,NULL,NULL
10591,5062,2027,2023-04-27,NULL,NULL
10592,5062,2028,2023-04-28,NULL,NULL
10593,5062,2029,2023-04-29,NULL,NULL
10594,5062,2030,2023-04-30,NULL,NULL
10595,5062,2001,2023-04-01,NULL,NULL
10596,5062,2002,2023-04-02,NULL,NULL
10597,5062,2003,2023-04-03,NULL,NULL
10598,5062,2004,2023-04-04,NULL,NULL
10599,5062,2005,2023-04-05,NULL,NULL
10600,5062,2006,2023-04-06,NULL,NULL
10601,5062,2007,2023-04-07,NULL,NULL
10602,5063,2008,2023-04-08,NULL,NULL
10603,5063,2009,2023-04-09,NULL,NULL
10604,5063,2010,2023-04-10,NULL,NULL
10605,5063,2011,2023-04-11,NULL,NULL
10606,5063,2012,2023-04-12,NULL,NULL
10607,5063,2013,2023-04-13,NULL,NULL
10608,5063,2014,2023-04-14,NULL,NULL
10609,5063,2015,2023-04-15,NULL,NULL
10610,5063,2016,2023-04-16,NULL,NULL
10611,5063,2017,2023-04-17,NULL,NULL
10612,5063,2018,2023-04-18,NULL,NULL
10613,5063,2019,2023-04-19,NULL,NULL
10614,5063,2020,2023-04-20,NULL,NULL
10615,5063,2021,2023-04-21,NULL,NULL
10616,5063,2022,2023-04-22,NULL,NULL
10617,5063,2023,2023-04-23,NULL,NULL
10618,5063,2024,2023-04-24,NULL,NULL
10619,5063,2025,2023-04-25,NULL,NULL
10620,5063,2026,2023-04-26,NULL,NULL
10621,5064,2027,2023-04-27,NULL,NULL
10622,5064,2028,2023-04-28,NULL,NULL
10623,5064,2029,2023-04-29,NULL,NULL
10624,5064,2030,2023-04-30,NULL,NULL
10625,5064,2001,2023-04-01,NULL,NULL
10626,5064,2002,2023-04-02,NULL,NULL
10627,5064,2003,2023-04-03,NULL,NULL
10628,5064,2004,2023-04-04,NULL,NULL
10629,5064,2005,2023-04-05,NULL,NULL
10630,5064,2006,2023-04-06,NULL,NULL
10631,5064,2007,2023-04-07,NULL,NULL
10632,5064,2008,2023-04-08,NULL,NULL
10633,5064,2009,2023-04-09,NULL,NULL
10634,5064,2010,2023-04-10,NULL,NULL
10635,5064,2011,2023-04-11,NULL,NULL
10636,5064,2012,2023-04-12,NULL,NULL
10637,5064,2013,2023-04-13,NULL,NULL
10638,5064,2014,2023-04-14,NULL,NULL
10639,5064,2015,2023-04-15,NULL,NULL
10640,5065,2016,2023-04-16,NULL,NULL
10641,5065,2017,2023-04-17,NULL,NULL
10642,5065,2018,2023-04-18,NULL,NULL
10643,5065,2019,2023-04-19,NULL,NULL
10644,5065,2020,2023-04-20,NULL,NULL
10645,5065,2021,2023-04-21,NULL,NULL
10646,5065,2022,2023-04-22,NULL,NULL
10647,5065,2023,2023-04-23,NULL,NULL
10648,5065,2024,2023-04-24,NULL,NULL
10649,5065,2025,2023-04-25,NULL,NULL
10650,5065,2026,2023-04-26,NULL,NULL
10651,5065,2027,2023-04-27,NULL,NULL
10652,5065,2028,2023-04-28,NULL,NULL
10653,5065,2029,2023-04-29,NULL,NULL
10654,5065,2030,2023-04-30,NULL,NULL
10655,5061,2001,2023-05-01,NULL,NULL
10656,5061,2002,2023-05-02,NULL,NULL
10657,5061,2003,2023-05-03,NULL,NULL
10658,5061,2004,2023-05-04,NULL,NULL
10659,5061,2005,2023-05-05,NULL,NULL
10660,5061,2006,2023-05-06,NULL,NULL
10661,5061,2007,2023-05-07,NULL,NULL
10662,5061,2008,2023-05-08,NULL,NULL
10663,5061,2009,2023-05-09,NULL,NULL
10664,5061,2010,2023-05-10,NULL,NULL
10665,5061,2011,2023-05-11,NULL,NULL
10666,5061,2012,2023-05-12,NULL,NULL
10667,5061,2013,2023-05-13,NULL,NULL
10668,5061,2014,2023-05-14,NULL,NULL
10669,5061,2015,2023-05-15,NULL,NULL
10670,5061,2016,2023-05-16,NULL,NULL
10671,5061,2017,2023-05-17,NULL,NULL
10672,5061,2018,2023-05-18,NULL,NULL
10673,5062,2019,2023-05-19,NULL,NULL
10674,5062,2020,2023-05-20,NULL,NULL
10675,5062,2021,2023-05-21,NULL,NULL
10676,5062,2022,2023-05-22,NULL,NULL
10677,5062,2023,2023-05-23,NULL,NULL
10678,5062,2024,2023-05-24,NULL,NULL
10679,5062,2025,2023-05-25,NULL,NULL
10680,5062,2026,2023-05-26,NULL,NULL
10681,5062,2027,2023-05-27,NULL,NULL
10682,5062,2028,2023-05-28,NULL,NULL
10683,5062,2029,2023-05-29,NULL,NULL
10684,5062,2030,2023-05-30,NULL,NULL
10685,5062,2001,2023-05-01,NULL,NULL
10686,5062,2002,2023-05-02,NULL,NULL
10687,5062,2003,2023-05-03,NULL,NULL
10688,5062,2004,2023-05-04,NULL,NULL
10689,5062,2005,2023-05-05,NULL,NULL
10690,5062,2006,2023-05-06,NULL,NULL
10691,5062,2007,2023-05-07,NULL,NULL
10692,5063,2008,2023-05-08,NULL,NULL
10693,5063,2009,2023-05-09,NULL,NULL
10694,5063,2010,2023-05-10,NULL,NULL
10695,5063,2011,2023-05-11,NULL,NULL
10696,5063,2012,2023-05-12,NULL,NULL
10697,5063,2013,2023-05-13,NULL,NULL
10698,5063,2014,2023-05-14,NULL,NULL
10699,5063,2015,2023-05-15,NULL,NULL
10700,5063,2016,2023-05-16,NULL,NULL
10701,5063,2017,2023-05-17,NULL,NULL
10702,5063,2018,2023-05-18,NULL,NULL
10703,5063,2019,2023-05-19,NULL,NULL
10704,5063,2020,2023-05-20,NULL,NULL
10705,5063,2021,2023-05-21,NULL,NULL
10706,5063,2022,2023-05-22,NULL,NULL
10707,5063,2023,2023-05-23,NULL,NULL
10708,5063,2024,2023-05-24,NULL,NULL
10709,5063,2025,2023-05-25,NULL,NULL
10710,5063,2026,2023-05-26,NULL,NULL
10711,5064,2027,2023-05-27,NULL,NULL
10712,5064,2028,2023-05-28,NULL,NULL
10713,5064,2029,2023-05-29,NULL,NULL
10714,5064,2030,2023-05-30,NULL,NULL
10715,5064,2001,2023-05-01,NULL,NULL
10716,5064,2002,2023-05-02,NULL,NULL
10717,5064,2003,2023-05-03,NULL,NULL
10718,5064,2004,2023-05-04,NULL,NULL
10719,5064,2005,2023-05-05,NULL,NULL
10720,5064,2006,2023-05-06,NULL,NULL
10721,5064,2007,2023-05-07,NULL,NULL
10722,5064,2008,2023-05-08,NULL,NULL
10723,5064,2009,2023-05-09,NULL,NULL
10724,5064,2010,2023-05-10,NULL,NULL
10725,5064,2011,2023-05-11,NULL,NULL
10726,5064,2012,2023-05-12,NULL,NULL
10727,5064,2013,2023-05-13,NULL,NULL
10728,5064,2014,2023-05-14,NULL,NULL
10729,5064,2015,2023-05-15,NULL,NULL
10730,5065,2016,2023-05-16,NULL,NULL
10731,5065,2017,2023-05-17,NULL,NULL
10732,5065,2018,2023-05-18,NULL,NULL
10733,5065,2019,2023-05-19,NULL,NULL
10734,5065,2020,2023-05-20,NULL,NULL
10735,5065,2021,2023-05-21,NULL,NULL
10736,5065,2022,2023-05-22,NULL,NULL
10737,5065,2023,2023-05-23,NULL,NULL
10738,5065,2024,2023-05-24,NULL,NULL
10739,5065,2025,2023-05-25,NULL,NULL
10740,5065,2026,2023-05-26,NULL,NULL
10741,5065,2027,2023-05-27,NULL,NULL
10742,5065,2028,2023-05-28,NULL,NULL
10743,5065,2029,2023-05-29,NULL,NULL
10744,5065,2030,2023-05-30,NULL,NULL
10745,5061,2001,2023-06-01,NULL,NULL
10746,5061,2002,2023-06-02,NULL,NULL
10747,5061,2003,2023-06-03,NULL,NULL
10748,5061,2004,2023-06-04,NULL,NULL
10749,5061,2005,2023-06-05,NULL,NULL
10750,5061,2006,2023-06-06,NULL,NULL
10751,5061,2007,2023-06-07,NULL,NULL
10752,5061,2008,2023-06-08,NULL,NULL
10753,5061,2009,2023-06-09,NULL,NULL
10754,5061,2010,2023-06-10,NULL,NULL
10755,5061,2011,2023-06-11,NULL,NULL
10756,5061,2012,2023-06-12,NULL,NULL
10757,5061,2013,2023-06-13,NULL,NULL
10758,5061,2014,2023-06-14,NULL,NULL
10759,5061,2015,2023-06-15,NULL,NULL
10760,5061,2016,2023-06-16,NULL,NULL
10761,5061,2017,2023-06-17,NULL,NULL
10762,5061,2018,2023-06-18,NULL,NULL
10763,5062,2019,2023-06-19,NULL,NULL
10764,5062,2020,2023-06-20,NULL,NULL
10765,5062,2021,2023-06-21,NULL,NULL
10766,5062,2022,2023-06-22,NULL,NULL
10767,5062,2023,2023-06-23,NULL,NULL
10768,5062,2024,2023-06-24,NULL,NULL
10769,5062,2025,2023-06-25,NULL,NULL
10770,5062,2026,2023-06-26,NULL,NULL
10771,5062,2027,2023-06-27,NULL,NULL
10772,5062,2028,2023-06-28,NULL,NULL
10773,5062,2029,2023-06-29,NULL,NULL
10774,5062,2030,2023-06-30,NULL,NULL
10775,5062,2001,2023-06-01,NULL,NULL
10776,5062,2002,2023-06-02,NULL,NULL
10777,5062,2003,2023-06-03,NULL,NULL
10778,5062,2004,2023-06-04,NULL,NULL
10779,5062,2005,2023-06-05,NULL,NULL
10780,5062,2006,2023-06-06,NULL,NULL
10781,5062,2007,2023-06-07,NULL,NULL
10782,5063,2008,2023-06-08,NULL,NULL
10783,5063,2009,2023-06-09,NULL,NULL
10784,5063,2010,2023-06-10,NULL,NULL
10785,5063,2011,2023-06-11,NULL,NULL
10786,5063,2012,2023-06-12,NULL,NULL
10787,5063,2013,2023-06-13,NULL,NULL
10788,5063,2014,2023-06-14,NULL,NULL
10789,5063,2015,2023-06-15,NULL,NULL
10790,5063,2016,2023-06-16,NULL,NULL
10791,5063,2017,2023-06-17,NULL,NULL
10792,5063,2018,2023-06-18,NULL,NULL
10793,5063,2019,2023-06-19,NULL,NULL
10794,5063,2020,2023-06-20,NULL,NULL
10795,5063,2021,2023-06-21,NULL,NULL
10796,5063,2022,2023-06-22,NULL,NULL
10797,5063,2023,2023-06-23,NULL,NULL
10798,5063,2024,2023-06-24,NULL,NULL
10799,5063,2025,2023-06-25,NULL,NULL
10800,5063,2026,2023-06-26,NULL,NULL
10801,5064,2027,2023-06-27,NULL,NULL
10802,5064,2028,2023-06-28,NULL,NULL
10803,5064,2029,2023-06-29,NULL,NULL
10804,5064,2030,2023-06-30,NULL,NULL
10805,5064,2001,2023-06-01,NULL,NULL
10806,5064,2002,2023-06-02,NULL,NULL
10807,5064,2003,2023-06-03,NULL,NULL
10808,5064,2004,2023-06-04,NULL,NULL
10809,5064,2005,2023-06-05,NULL,NULL
10810,5064,2006,2023-06-06,NULL,NULL
10811,5064,2007,2023-06-07,NULL,NULL
10812,5064,2008,2023-06-08,NULL,NULL
10813,5064,2009,2023-06-09,NULL,NULL
10814,5064,2010,2023-06-10,NULL,NULL
10815,5064,2011,2023-06-11,NULL,NULL
10816,5064,2012,2023-06-12,NULL,NULL
10817,5064,2013,2023-06-13,NULL,NULL
10818,5064,2014,2023-06-14,NULL,NULL
10819,5064,2015,2023-06-15,NULL,NULL
10820,5065,2016,2023-06-16,NULL,NULL
10821,5065,2017,2023-06-17,NULL,NULL
10822,5065,2018,2023-06-18,NULL,NULL
10823,5065,2019,2023-06-19,NULL,NULL
10824,5065,2020,2023-06-20,NULL,NULL
10825,5065,2021,2023-06-21,NULL,NULL
10826,5065,2022,2023-06-22,NULL,NULL
10827,5065,2023,2023-06-23,NULL,NULL
10828,5065,2024,2023-06-24,NULL,NULL
10829,5065,2025,2023-06-25,NULL,NULL
10830,5065,2026,2023-06-26,NULL,NULL
10831,5065,2027,2023-06-27,NULL,NULL
10832,5065,2028,2023-06-28,NULL,NULL
10833,5065,2029,2023-06-29,NULL,NULL
10834,5065,2030,2023-06-30,NULL,NULL
10835,5061,2001,2023-07-01,NULL,NULL
10836,5061,2002,2023-07-02,NULL,NULL
10837,5061,2003,2023-07-03,NULL,NULL
10838,5061,2004,2023-07-04,NULL,NULL
10839,5061,2005,2023-07-05,NULL,NULL
10840,5061,2006,2023-07-06,NULL,NULL
10841,5061,2007,2023-07-07,NULL,NULL
10842,5061,2008,2023-07-08,NULL,NULL
10843,5061,2009,2023-07-09,NULL,NULL
10844,5061,2010,2023-07-10,NULL,NULL
10845,5061,2011,2023-07-11,NULL,NULL
10846,5061,2012,2023-07-12,NULL,NULL
10847,5061,2013,2023-07-13,NULL,NULL
10848,5061,2014,2023-07-14,NULL,NULL
10849,5061,2015,2023-07-15,NULL,NULL
10850,5061,2016,2023-07-16,NULL,NULL
10851,5061,2017,2023-07-17,NULL,NULL
10852,5061,2018,2023-07-18,NULL,NULL
10853,5062,2019,2023-07-19,NULL,NULL
10854,5062,2020,2023-07-20,NULL,NULL
10855,5062,2021,2023-07-21,NULL,NULL
10856,5062,2022,2023-07-22,NULL,NULL
10857,5062,2023,2023-07-23,NULL,NULL
10858,5062,2024,2023-07-24,NULL,NULL
10859,5062,2025,2023-07-25,NULL,NULL
10860,5062,2026,2023-07-26,NULL,NULL
10861,5062,2027,2023-07-27,NULL,NULL
10862,5062,2028,2023-07-28,NULL,NULL
10863,5062,2029,2023-07-29,NULL,NULL
10864,5062,2030,2023-07-30,NULL,NULL
10865,5062,2001,2023-07-01,NULL,NULL
10866,5062,2002,2023-07-02,NULL,NULL
10867,5062,2003,2023-07-03,NULL,NULL
10868,5062,2004,2023-07-04,NULL,NULL
10869,5062,2005,2023-07-05,NULL,NULL
10870,5062,2006,2023-07-06,NULL,NULL
10871,5062,2007,2023-07-07,NULL,NULL
10872,5063,2008,2023-07-08,NULL,NULL
10873,5063,2009,2023-07-09,NULL,NULL
10874,5063,2010,2023-07-10,NULL,NULL
10875,5063,2011,2023-07-11,NULL,NULL
10876,5063,2012,2023-07-12,NULL,NULL
10877,5063,2013,2023-07-13,NULL,NULL
10878,5063,2014,2023-07-14,NULL,NULL
10879,5063,2015,2023-07-15,NULL,NULL
10880,5063,2016,2023-07-16,NULL,NULL
10881,5063,2017,2023-07-17,NULL,NULL
10882,5063,2018,2023-07-18,NULL,NULL
10883,5063,2019,2023-07-19,NULL,NULL
10884,5063,2020,2023-07-20,NULL,NULL
10885,5063,2021,2023-07-21,NULL,NULL
10886,5063,2022,2023-07-22,NULL,NULL
10887,5063,2023,2023-07-23,NULL,NULL
10888,5063,2024,2023-07-24,NULL,NULL
10889,5063,2025,2023-07-25,NULL,NULL
10890,5063,2026,2023-07-26,NULL,NULL
10891,5064,2027,2023-07-27,NULL,NULL
10892,5064,2028,2023-07-28,NULL,NULL
10893,5064,2029,2023-07-29,NULL,NULL
10894,5064,2030,2023-07-30,NULL,NULL
10895,5064,2001,2023-07-01,NULL,NULL
10896,5064,2002,2023-07-02,NULL,NULL
10897,5064,2003,2023-07-03,NULL,NULL
10898,5064,2004,2023-07-04,NULL,NULL
10899,5064,2005,2023-07-05,NULL,NULL
10900,5064,2006,2023-07-06,NULL,NULL
10901,5064,2007,2023-07-07,NULL,NULL
10902,5064,2008,2023-07-08,NULL,NULL
10903,5064,2009,2023-07-09,NULL,NULL
10904,5064,2010,2023-07-10,NULL,NULL
10905,5064,2011,2023-07-11,NULL,NULL
10906,5064,2012,2023-07-12,NULL,NULL
10907,5064,2013,2023-07-13,NULL,NULL
10908,5064,2014,2023-07-14,NULL,NULL
10909,5064,2015,2023-07-15,NULL,NULL
10910,5065,2016,2023-07-16,NULL,NULL
10911,5065,2017,2023-07-17,NULL,NULL
10912,5065,2018,2023-07-18,NULL,NULL
10913,5065,2019,2023-07-19,NULL,NULL
10914,5065,2020,2023-07-20,NULL,NULL
10915,5065,2021,2023-07-21,NULL,NULL
10916,5065,2022,2023-07-22,NULL,NULL
10917,5065,2023,2023-07-23,NULL,NULL
10918,5065,2024,2023-07-24,NULL,NULL
10919,5065,2025,2023-07-25,NULL,NULL
10920,5065,2026,2023-07-26,NULL,NULL
10921,5065,2027,2023-07-27,NULL,NULL
10922,5065,2028,2023-07-28,NULL,NULL
10923,5065,2029,2023-07-29,NULL,NULL
10924,5065,2030,2023-07-30,NULL,NULL
10925,5061,2001,2023-08-01,NULL,NULL
10926,5061,2002,2023-08-02,NULL,NULL
10927,5061,2003,2023-08-03,NULL,NULL
10928,5061,2004,2023-08-04,NULL,NULL
10929,5061,2005,2023-08-05,NULL,NULL
10930,5061,2006,2023-08-06,NULL,NULL
10931,5061,2007,2023-08-07,NULL,NULL
10932,5061,2008,2023-08-08,NULL,NULL
10933,5061,2009,2023-08-09,NULL,NULL
10934,5061,2010,2023-08-10,NULL,NULL
10935,5061,2011,2023-08-11,NULL,NULL
10936,5061,2012,2023-08-12,NULL,NULL
10937,5061,2013,2023-08-13,NULL,NULL
10938,5061,2014,2023-08-14,NULL,NULL
10939,5061,2015,2023-08-15,NULL,NULL
10940,5061,2016,2023-08-16,NULL,NULL
10941,5061,2017,2023-08-17,NULL,NULL
10942,5061,2018,2023-08-18,NULL,NULL
10943,5062,2019,2023-08-19,NULL,NULL
10944,5062,2020,2023-08-20,NULL,NULL
10945,5062,2021,2023-08-21,NULL,NULL
10946,5062,2022,2023-08-22,NULL,NULL
10947,5062,2023,2023-08-23,NULL,NULL
10948,5062,2024,2023-08-24,NULL,NULL
10949,5062,2025,2023-08-25,NULL,NULL
10950,5062,2026,2023-08-26,NULL,NULL
10951,5062,2027,2023-08-27,NULL,NULL
10952,5062,2028,2023-08-28,NULL,NULL
10953,5062,2029,2023-08-29,NULL,NULL
10954,5062,2030,2023-08-30,NULL,NULL
10955,5062,2001,2023-08-01,NULL,NULL
10956,5062,2002,2023-08-02,NULL,NULL
10957,5062,2003,2023-08-03,NULL,NULL
10958,5062,2004,2023-08-04,NULL,NULL
10959,5062,2005,2023-08-05,NULL,NULL
10960,5062,2006,2023-08-06,NULL,NULL
10961,5062,2007,2023-08-07,NULL,NULL
10962,5063,2008,2023-08-08,NULL,NULL
10963,5063,2009,2023-08-09,NULL,NULL
10964,5063,2010,2023-08-10,NULL,NULL
10965,5063,2011,2023-08-11,NULL,NULL
10966,5063,2012,2023-08-12,NULL,NULL
10967,5063,2013,2023-08-13,NULL,NULL
10968,5063,2014,2023-08-14,NULL,NULL
10969,5063,2015,2023-08-15,NULL,NULL
10970,5063,2016,2023-08-16,NULL,NULL
10971,5063,2017,2023-08-17,NULL,NULL
10972,5063,2018,2023-08-18,NULL,NULL
10973,5063,2019,2023-08-19,NULL,NULL
10974,5063,2020,2023-08-20,NULL,NULL
10975,5063,2021,2023-08-21,NULL,NULL
10976,5063,2022,2023-08-22,NULL,NULL
10977,5063,2023,2023-08-23,NULL,NULL
10978,5063,2024,2023-08-24,NULL,NULL
10979,5063,2025,2023-08-25,NULL,NULL
10980,5063,2026,2023-08-26,NULL,NULL
10981,5064,2027,2023-08-27,NULL,NULL
10982,5064,2028,2023-08-28,NULL,NULL
10983,5064,2029,2023-08-29,NULL,NULL
10984,5064,2030,2023-08-30,NULL,NULL
10985,5064,2001,2023-08-01,NULL,NULL
10986,5064,2002,2023-08-02,NULL,NULL
10987,5064,2003,2023-08-03,NULL,NULL
10988,5064,2004,2023-08-04,NULL,NULL
10989,5064,2005,2023-08-05,NULL,NULL
10990,5064,2006,2023-08-06,NULL,NULL
10991,5064,2007,2023-08-07,NULL,NULL
10992,5064,2008,2023-08-08,NULL,NULL
10993,5064,2009,2023-08-09,NULL,NULL
10994,5064,2010,2023-08-10,NULL,NULL
10995,5064,2011,2023-08-11,NULL,NULL
10996,5064,2012,2023-08-12,NULL,NULL
10997,5064,2013,2023-08-13,NULL,NULL
10998,5064,2014,2023-08-14,NULL,NULL
10999,5064,2015,2023-08-15,NULL,NULL
11000,5065,2016,2023-08-16,NULL,NULL
11001,5065,2017,2023-08-17,NULL,NULL
11002,5065,2018,2023-08-18,NULL,NULL
11003,5065,2019,2023-08-19,NULL,NULL
11004,5065,2020,2023-08-20,NULL,NULL
11005,5065,2021,2023-08-21,NULL,NULL
11006,5065,2022,2023-08-22,NULL,NULL
11007,5065,2023,2023-08-23,NULL,NULL
11008,5065,2024,2023-08-24,NULL,NULL
11009,5065,2025,2023-08-25,NULL,NULL
11010,5065,2026,2023-08-26,NULL,NULL
11011,5065,2027,2023-08-27,NULL,NULL
11012,5065,2028,2023-08-28,NULL,NULL
11013,5065,2029,2023-08-29,NULL,NULL
11014,5065,2030,2023-08-30,NULL,NULL
11015,5061,2001,2023-09-01,NULL,NULL
11016,5061,2002,2023-09-02,NULL,NULL
11017,5061,2003,2023-09-03,NULL,NULL
11018,5061,2004,2023-09-04,NULL,NULL
11019,5061,2005,2023-09-05,NULL,NULL
11020,5061,2006,2023-09-06,NULL,NULL
11021,5061,2007,2023-09-07,NULL,NULL
11022,5061,2008,2023-09-08,NULL,NULL
11023,5061,2009,2023-09-09,NULL,NULL
11024,5061,2010,2023-09-10,NULL,NULL
11025,5061,2011,2023-09-11,NULL,NULL
11026,5061,2012,2023-09-12,NULL,NULL
11027,5061,2013,2023-09-13,NULL,NULL
11028,5061,2014,2023-09-14,NULL,NULL
11029,5061,2015,2023-09-15,NULL,NULL
11030,5061,2016,2023-09-16,NULL,NULL
11031,5061,2017,2023-09-17,NULL,NULL
11032,5061,2018,2023-09-18,NULL,NULL
11033,5062,2019,2023-09-19,NULL,NULL
11034,5062,2020,2023-09-20,NULL,NULL
11035,5062,2021,2023-09-21,NULL,NULL
11036,5062,2022,2023-09-22,NULL,NULL
11037,5062,2023,2023-09-23,NULL,NULL
11038,5062,2024,2023-09-24,NULL,NULL
11039,5062,2025,2023-09-25,NULL,NULL
11040,5062,2026,2023-09-26,NULL,NULL
11041,5062,2027,2023-09-27,NULL,NULL
11042,5062,2028,2023-09-28,NULL,NULL
11043,5062,2029,2023-09-29,NULL,NULL
11044,5062,2030,2023-09-30,NULL,NULL
11045,5062,2001,2023-09-01,NULL,NULL
11046,5062,2002,2023-09-02,NULL,NULL
11047,5062,2003,2023-09-03,NULL,NULL
11048,5062,2004,2023-09-04,NULL,NULL
11049,5062,2005,2023-09-05,NULL,NULL
11050,5062,2006,2023-09-06,NULL,NULL
11051,5062,2007,2023-09-07,NULL,NULL
11052,5063,2008,2023-09-08,NULL,NULL
11053,5063,2009,2023-09-09,NULL,NULL
11054,5063,2010,2023-09-10,NULL,NULL
11055,5063,2011,2023-09-11,NULL,NULL
11056,5063,2012,2023-09-12,NULL,NULL
11057,5063,2013,2023-09-13,NULL,NULL
11058,5063,2014,2023-09-14,NULL,NULL
11059,5063,2015,2023-09-15,NULL,NULL
11060,5063,2016,2023-09-16,NULL,NULL
11061,5063,2017,2023-09-17,NULL,NULL
11062,5063,2018,2023-09-18,NULL,NULL
11063,5063,2019,2023-09-19,NULL,NULL
11064,5063,2020,2023-09-20,NULL,NULL
11065,5063,2021,2023-09-21,NULL,NULL
11066,5063,2022,2023-09-22,NULL,NULL
11067,5063,2023,2023-09-23,NULL,NULL
11068,5063,2024,2023-09-24,NULL,NULL
11069,5063,2025,2023-09-25,NULL,NULL
11070,5063,2026,2023-09-26,NULL,NULL
11071,5064,2027,2023-09-27,NULL,NULL
11072,5064,2028,2023-09-28,NULL,NULL
11073,5064,2029,2023-09-29,NULL,NULL
11074,5064,2030,2023-09-30,NULL,NULL
11075,5064,2001,2023-09-01,NULL,NULL
11076,5064,2002,2023-09-02,NULL,NULL
11077,5064,2003,2023-09-03,NULL,NULL
11078,5064,2004,2023-09-04,NULL,NULL
11079,5064,2005,2023-09-05,NULL,NULL
11080,5064,2006,2023-09-06,NULL,NULL
11081,5064,2007,2023-09-07,NULL,NULL
11082,5064,2008,2023-09-08,NULL,NULL
11083,5064,2009,2023-09-09,NULL,NULL
11084,5064,2010,2023-09-10,NULL,NULL
11085,5064,2011,2023-09-11,NULL,NULL
11086,5064,2012,2023-09-12,NULL,NULL
11087,5064,2013,2023-09-13,NULL,NULL
11088,5064,2014,2023-09-14,NULL,NULL
11089,5064,2015,2023-09-15,NULL,NULL
11090,5065,2016,2023-09-16,NULL,NULL
11091,5065,2017,2023-09-17,NULL,NULL
11092,5065,2018,2023-09-18,NULL,NULL
11093,5065,2019,2023-09-19,NULL,NULL
11094,5065,2020,2023-09-20,NULL,NULL
11095,5065,2021,2023-09-21,NULL,NULL
11096,5065,2022,2023-09-22,NULL,NULL
11097,5065,2023,2023-09-23,NULL,NULL
11098,5065,2024,2023-09-24,NULL,NULL
11099,5065,2025,2023-09-25,NULL,NULL
11100,5065,2026,2023-09-26,NULL,NULL
11101,5065,2027,2023-09-27,NULL,NULL
11102,5065,2028,2023-09-28,NULL,NULL
11103,5065,2029,2023-09-29,NULL,NULL
11104,5065,2030,2023-09-30,NULL,NULL
11105,5061,2001,2023-10-01,NULL,NULL
11106,5061,2002,2023-10-02,NULL,NULL
11107,5061,2003,2023-10-03,NULL,NULL
11108,5061,2004,2023-10-04,NULL,NULL
11109,5061,2005,2023-10-05,NULL,NULL
11110,5061,2006,2023-10-06,NULL,NULL
11111,5061,2007,2023-10-07,NULL,NULL
11112,5061,2008,2023-10-08,NULL,NULL
11113,5061,2009,2023-10-09,NULL,NULL
11114,5061,2010,2023-10-10,NULL,NULL
11115,5061,2011,2023-10-11,NULL,NULL
11116,5061,2012,2023-10-12,NULL,NULL
11117,5061,2013,2023-10-13,NULL,NULL
11118,5061,2014,2023-10-14,NULL,NULL
11119,5061,2015,2023-10-15,NULL,NULL
11120,5061,2016,2023-10-16,NULL,NULL
11121,5061,2017,2023-10-17,NULL,NULL
11122,5061,2018,2023-10-18,NULL,NULL
11123,5062,2019,2023-10-19,NULL,NULL
11124,5062,2020,2023-10-20,NULL,NULL
11125,5062,2021,2023-10-21,NULL,NULL
11126,5062,2022,2023-10-22,NULL,NULL
11127,5062,2023,2023-10-23,NULL,NULL
11128,5062,2024,2023-10-24,NULL,NULL
11129,5062,2025,2023-10-25,NULL,NULL
11130,5062,2026,2023-10-26,NULL,NULL
11131,5062,2027,2023-10-27,NULL,NULL
11132,5062,2028,2023-10-28,NULL,NULL
11133,5062,2029,2023-10-29,NULL,NULL
11134,5062,2030,2023-10-30,NULL,NULL
11135,5062,2001,2023-10-01,NULL,NULL
11136,5062,2002,2023-10-02,NULL,NULL
11137,5062,2003,2023-10-03,NULL,NULL
11138,5062,2004,2023-10-04,NULL,NULL
11139,5062,2005,2023-10-05,NULL,NULL
11140,5062,2006,2023-10-06,NULL,NULL
11141,5062,2007,2023-10-07,NULL,NULL
11142,5063,2008,2023-10-08,NULL,NULL
11143,5063,2009,2023-10-09,NULL,NULL
11144,5063,2010,2023-10-10,NULL,NULL
11145,5063,2011,2023-10-11,NULL,NULL
11146,5063,2012,2023-10-12,NULL,NULL
11147,5063,2013,2023-10-13,NULL,NULL
11148,5063,2014,2023-10-14,NULL,NULL
11149,5063,2015,2023-10-15,NULL,NULL
11150,5063,2016,2023-10-16,NULL,NULL
11151,5063,2017,2023-10-17,NULL,NULL
11152,5063,2018,2023-10-18,NULL,NULL
11153,5063,2019,2023-10-19,NULL,NULL
11154,5063,2020,2023-10-20,NULL,NULL
11155,5063,2021,2023-10-21,NULL,NULL
11156,5063,2022,2023-10-22,NULL,NULL
11157,5063,2023,2023-10-23,NULL,NULL
11158,5063,2024,2023-10-24,NULL,NULL
11159,5063,2025,2023-10-25,NULL,NULL
11160,5063,2026,2023-10-26,NULL,NULL
11161,5064,2027,2023-10-27,NULL,NULL
11162,5064,2028,2023-10-28,NULL,NULL
11163,5064,2029,2023-10-29,NULL,NULL
11164,5064,2030,2023-10-30,NULL,NULL
11165,5064,2001,2023-10-01,NULL,NULL
11166,5064,2002,2023-10-02,NULL,NULL
11167,5064,2003,2023-10-03,NULL,NULL
11168,5064,2004,2023-10-04,NULL,NULL
11169,5064,2005,2023-10-05,NULL,NULL
11170,5064,2006,2023-10-06,NULL,NULL
11171,5064,2007,2023-10-07,NULL,NULL
11172,5064,2008,2023-10-08,NULL,NULL
11173,5064,2009,2023-10-09,NULL,NULL
11174,5064,2010,2023-10-10,NULL,NULL
11175,5064,2011,2023-10-11,NULL,NULL
11176,5064,2012,2023-10-12,NULL,NULL
11177,5064,2013,2023-10-13,NULL,NULL
11178,5064,2014,2023-10-14,NULL,NULL
11179,5064,2015,2023-10-15,NULL,NULL
11180,5065,2016,2023-10-16,NULL,NULL
11181,5065,2017,2023-10-17,NULL,NULL
11182,5065,2018,2023-10-18,NULL,NULL
11183,5065,2019,2023-10-19,NULL,NULL
11184,5065,2020,2023-10-20,NULL,NULL
11185,5065,2021,2023-10-21,NULL,NULL
11186,5065,2022,2023-10-22,NULL,NULL
11187,5065,2023,2023-10-23,NULL,NULL
11188,5065,2024,2023-10-24,NULL,NULL
11189,5065,2025,2023-10-25,NULL,NULL
11190,5065,2026,2023-10-26,NULL,NULL
11191,5065,2027,2023-10-27,NULL,NULL
11192,5065,2028,2023-10-28,NULL,NULL
11193,5065,2029,2023-10-29,NULL,NULL
11194,5065,2030,2023-10-30,NULL,NULL
11195,5061,2001,2023-11-01,NULL,NULL
11196,5061,2002,2023-11-02,NULL,NULL
11197,5061,2003,2023-11-03,NULL,NULL
11198,5061,2004,2023-11-04,NULL,NULL
11199,5061,2005,2023-11-05,NULL,NULL
11200,5061,2006,2023-11-06,NULL,NULL
11201,5061,2007,2023-11-07,NULL,NULL
11202,5061,2008,2023-11-08,NULL,NULL
11203,5061,2009,2023-11-09,NULL,NULL
11204,5061,2010,2023-11-10,NULL,NULL
11205,5061,2011,2023-11-11,NULL,NULL
11206,5061,2012,2023-11-12,NULL,NULL
11207,5061,2013,2023-11-13,NULL,NULL
11208,5061,2014,2023-11-14,NULL,NULL
11209,5061,2015,2023-11-15,NULL,NULL
11210,5061,2016,2023-11-16,NULL,NULL
11211,5061,2017,2023-11-17,NULL,NULL
11212,5061,2018,2023-11-18,NULL,NULL
11213,5062,2019,2023-11-19,NULL,NULL
11214,5062,2020,2023-11-20,NULL,NULL
11215,5062,2021,2023-11-21,NULL,NULL
11216,5062,2022,2023-11-22,NULL,NULL
11217,5062,2023,2023-11-23,NULL,NULL
11218,5062,2024,2023-11-24,NULL,NULL
11219,5062,2025,2023-11-25,NULL,NULL
11220,5062,2026,2023-11-26,NULL,NULL
11221,5062,2027,2023-11-27,NULL,NULL
11222,5062,2028,2023-11-28,NULL,NULL
11223,5062,2029,2023-11-29,NULL,NULL
11224,5062,2030,2023-11-30,NULL,NULL
11225,5062,2001,2023-11-01,NULL,NULL
11226,5062,2002,2023-11-02,NULL,NULL
11227,5062,2003,2023-11-03,NULL,NULL
11228,5062,2004,2023-11-04,NULL,NULL
11229,5062,2005,2023-11-05,NULL,NULL
11230,5062,2006,2023-11-06,NULL,NULL
11231,5062,2007,2023-11-07,NULL,NULL
11232,5063,2008,2023-11-08,NULL,NULL
11233,5063,2009,2023-11-09,NULL,NULL
11234,5063,2010,2023-11-10,NULL,NULL
11235,5063,2011,2023-11-11,NULL,NULL
11236,5063,2012,2023-11-12,NULL,NULL
11237,5063,2013,2023-11-13,NULL,NULL
11238,5063,2014,2023-11-14,NULL,NULL
11239,5063,2015,2023-11-15,NULL,NULL
11240,5063,2016,2023-11-16,NULL,NULL
11241,5063,2017,2023-11-17,NULL,NULL
11242,5063,2018,2023-11-18,NULL,NULL
11243,5063,2019,2023-11-19,NULL,NULL
11244,5063,2020,2023-11-20,NULL,NULL
11245,5063,2021,2023-11-21,NULL,NULL
11246,5063,2022,2023-11-22,NULL,NULL
11247,5063,2023,2023-11-23,NULL,NULL
11248,5063,2024,2023-11-24,NULL,NULL
11249,5063,2025,2023-11-25,NULL,NULL
11250,5063,2026,2023-11-26,NULL,NULL
11251,5064,2027,2023-11-27,NULL,NULL
11252,5064,2028,2023-11-28,NULL,NULL
11253,5064,2029,2023-11-29,NULL,NULL
11254,5064,2030,2023-11-30,NULL,NULL
11255,5064,2001,2023-11-01,NULL,NULL
11256,5064,2002,2023-11-02,NULL,NULL
11257,5064,2003,2023-11-03,NULL,NULL
11258,5064,2004,2023-11-04,NULL,NULL
11259,5064,2005,2023-11-05,NULL,NULL
11260,5064,2006,2023-11-06,NULL,NULL
11261,5064,2007,2023-11-07,NULL,NULL
11262,5064,2008,2023-11-08,NULL,NULL
11263,5064,2009,2023-11-09,NULL,NULL
11264,5064,2010,2023-11-10,NULL,NULL
11265,5064,2011,2023-11-11,NULL,NULL
11266,5064,2012,2023-11-12,NULL,NULL
11267,5064,2013,2023-11-13,NULL,NULL
11268,5064,2014,2023-11-14,NULL,NULL
11269,5064,2015,2023-11-15,NULL,NULL
11270,5065,2016,2023-11-16,NULL,NULL
11271,5065,2017,2023-11-17,NULL,NULL
11272,5065,2018,2023-11-18,NULL,NULL
11273,5065,2019,2023-11-19,NULL,NULL
11274,5065,2020,2023-11-20,NULL,NULL
11275,5065,2021,2023-11-21,NULL,NULL
11276,5065,2022,2023-11-22,NULL,NULL
11277,5065,2023,2023-11-23,NULL,NULL
11278,5065,2024,2023-11-24,NULL,NULL
11279,5065,2025,2023-11-25,NULL,NULL
11280,5065,2026,2023-11-26,NULL,NULL
11281,5065,2027,2023-11-27,NULL,NULL
11282,5065,2028,2023-11-28,NULL,NULL
11283,5065,2029,2023-11-29,NULL,NULL
11284,5065,2030,2023-11-30,NULL,NULL
,,,,,